name,address,website,phone,hours
"40 West Assistance and Referral Center, Inc.","4711 Edmondson Ave  Baltimore MD 21229-2404 USA","http://www.40west.org/","410-233-4357","Get directions Monday, Wednesday, & Friday from 10 a.m. to 1 p.m."
"Aaron’s Place Food Pantry","401 Aldersgate Dr  Denton MD 21629-3053 USA","http://aaronsplaceinc.org/","443-243-5906","Get directions Food Pantry open every Tuesday, Wednesday, and Thursday from 9 a.m. – 3 p.m. and every Friday from 11 a.m. – 2 p.m."
"Abundant Life Christian Outreach","21537 Great Mills Rd  Lexington Pk MD 20653-4250 USA","http://www.abundantlifemd.com/","240-431-1461","Get directions Sunday – Saturday from 8 a.m. – 5 p.m."
"ACAN Food Pantry","429 Asbury Dr  Severna Park MD 21146-1373 USA","http://asbury.acan@gmail.com/","410-647-7667","Get directions Monday, Tuesday, and Wednesday from 10 a.m. to 1 p.m. We have an active baby pantry."
"American Friends of Anvey Yashpe","3207 Marnat Rd  Baltimore MD 21208-4506 USA","","410-504-2430","Get directions Sundays from 10 – 2 p.m. Also by appointment if needed."
"Assistance Center of Towson Churches","116 W Pennsylvania Ave  Towson MD 21204-4518 USA","http://actconline.info/","410-296-4855","Get directions Monday – Friday from 10 a.m. – 2 p.m. and Wednesday 4 – 7 p.m."
"Baldwin UMC Food Pantry","756 Elk Mills Rd  Elk Mills MD 21920-0012 USA","","410-398-6215","Get directions the last Friday of each month, from 9 – 3 p.m."
"Beans and Bread","400 S Bond St  Baltimore MD 21231-2323 USA","http://vincentbaltimore.org/","410-732-1892","Get directions Mon. – Fri. breakfast from 8:30 to 9:30 a.m. & lunch from 11 a.m. to 1 p.m."
"Benedict’s Pantry","2612 Wilkens Ave  Baltimore MD 21223-3313 USA","","410-947-4988","Get directions the fourth Saturday of the month from 10 a.m. to 12 p.m. Emergency Food is available by appointment only Monday through Friday from 10 a.m. to 12 p.m."
"Blessing House Ministries","7915 Old Ocean City Rd  Whaleyville MD 21872-2051 USA","","410-835-2193","Get directions Tuesday – Thursday from 11 – 2 p.m."
"Blessings Food Pantry at Brush Arbor Gospel Ministries","768 Blue Ball Rd  Elkton MD 21921-4852 USA","https://www.facebook.com/Brush-Arbor-Gospel-Ministries-694597990704437","443-406-5521","Get directions The first Saturday of the month from 9 a.m. to 12 p.m. & 12:30 to 3 p.m. And the third Friday of the month from 4:30 to 7:30 p.m. Available as needed for emergency food assistance. Reach us via Facebook or email."
"Boonsboro Family Worship Center","7605 Old National Pike  Boonsboro MD 21713-2003 USA","","301-432-6803","Get directions Thursdays from 3 – 5 p.m. Call for emergency food needs."
"Bread of Life Pantry at Grace Baptist Church","510 N Main St  Hurlock MD 21643-3502 USA","","410-463-0382","Get directions the 1st & 3rd Fridays of each month, from 4 – 6 p.m. Doors open at 3:30 p.m., please do not enter church property before 3:30 p.m. Emergency needs can be met by appointment."
"Breath of God Feeding Program","141 S Clinton St  Baltimore MD 21224-2341 USA","http://www.breathofgodlc.org/","410-675-5616","Get directions the Fourth Saturday of every month at 11:00 a.m. Food is usually fully distributed by 12:10 p.m."
"Bridgeway Community Church Cupboard","9189 Red Branch Rd  Columbia MD 21045-2013 USA","http://bridgeway.cc/","410-992-5832","Get directions the 2nd & 4th Saturday of each month, from 9:30 – 11:30 a.m."
"Bridgeway Community Church Cupboard","11301 Red Run Blvd  Owings Mills MD 21117-3246 USA","http://bridgeway.cc/","410-992-5832","Get directions the first Saturday of the month from 9:30 to 11:30 am. Free groceries for the week."
"Brooklyn Park Healthy Food Pantry","196 Hammonds Ln  Brooklyn Park MD 21225-3649 USA","","410-222-1020","Get directions Every Thursday from 4 to 7 p.m."
"Calvary Tabernacle Storehouse Ministries","27893 Garrett Hwy  Accident MD 21520-3020 USA","","301-616-6332","Get directions the 2nd Thursday of each month; and sometimes the 4th Thursday of each month. Drive-through."
"Carroll County Food Sunday","10 Distillery Dr  Westminster MD 21158-7160 USA","http://ccfoodsunday.org/","410-857-7926","Get directions Tuesdays – Thursdays from 10 – 11:15 a.m. and 1 – 2:15 p.m, and Saturdays from 9 – 11 a.m."
"Catonsville Emergency Assistance","25 Bloomsbury Ave  Catonsville MD 21228-4641 USA","http://www.catonsvillehelp.org/","410-747-4357","Get directions Monday – Thursdays from 9 a.m. to 1 p.m. Fridays, Saturdays, and Sundays by appointment only."
"CCCV Food Pantry","12915 Pinehill Dr  Hagerstown MD 21740-1034 USA","","301-733-0070","Get directions Saturdays from 11 a.m. – 1 p.m."
"Cecil County Help Center","135 E High St  Elkton MD 21921-5624 USA","https://cecilhelp4u.com/","410-996-0260","Get directions Monday – Friday from 9 – 12 p.m. and from 1 – 3 p.m."
"Open Hands of MD","110 Ritchie Hwy  Pasadena MD 21122-4304 USA","http://go.spep.church/food","","Get directions Tuesdays from 11 to 11:30 a.m. and Saturday from 10 to 11 a.m. Walk-ins welcome, no appointments needed."
"Chesapeake Cares Food Pantry","6045 Solomons Island Rd  Huntingtown MD 20639-8876 USA","http://chesapeakechurch.org/","410-257-3444","Get directions Tuesdays from 5:30 to 7:30 p.m. and Thursdays from 9:30 a.m. to 12 p.m."
"Chestertown Seventh-day Adventist Food Pantry","305 N Kent St  Chestertown MD 21620-1609 USA","","443-988-3886","Get directions Tuesdays from 10 – 12 p.m. If a food emergency, neighbors can contact Jessie Stant at (443) 988-3886."
"Christ Villa Outreach Program","2301 Putty Hill Ave  Parkville MD 21234-3914 USA","http://www.christvilla.org/","410-814-9576","Get directions Every other Saturday from 10 – 12 p.m."
"Church of the  Ascension Food Pantry","21641 Great Mills Rd  Lexington Pk MD 20653-1239 USA","http://www.ascensionlexingtonpark.org/","301-863-8551","Get directions Monday & Wednesday from 9 a.m. to 12 p.m. Call in an emergency."
"Church of the Guardian Angel","335 W 27Th St  Baltimore MD 21211-3004 USA","","410-929-1495","Get directions Wednesdays, from 9 – 10 a.m."
"Citybeat Baltimore","535 S Smallwood St  Baltimore MD 21223-2947 USA","http://citybeatdreamcenter.org/","443-376-8573","Get directions Tuesdays and Thursdays from 11 – 1 p.m., and the 1st Saturday of each month from 11 – 1 p.m."
"Community Assistance Network Food Pantry & Community Resource Center","7900 E Baltimore St  Baltimore MD 21224-2010 USA","","410-285-4674","Get directions Monday, Wednesday, Thursday, and Friday from 9 – 10:45 a.m. and then again from 1 – 2:45 p.m. Note: If there is a holiday on a Monday the pantry will be closed and they will then open on that Tuesday from 9 – 10:45 a.m. and then again from 1 – 2:45 p.m."
"Community Crisis Center Inc.","725 Main St  Reisterstown MD 21136-2501 USA","https://communitycrisiscenterinc.org/","410-526-7111","Get directions Mondays from 5 – 7 p.m. and Saturdays from 9 – 11 a.m. Drive through food distribution."
"Concord Baptist Church","5204 Liberty Heights Ave  Baltimore MD 21207-7057 USA","http://concordbaptistofbaltimore.com/","410-367-1117","Get directions the 4th Friday of each month from 10 – 12 p.m., except November and December when we open the Friday before the holiday."
"Deaf Shalom Zone’s Food Door","1040 S Beechfield Ave  Baltimore MD 21229-4938 USA","http://www.deafshalomzone.org/","410-242-6303","Get directions Fridays from 12 – 3 p.m. and Sundays hot meal is served at 1 p.m. and then pantry is open until 3 p.m. On Fridays, please use Maryland Ave. entrance. 4th Friday and following Sunday, eggs and milk are available."
"DEC Food Ministry","408 Gordy Rd  Salisbury MD 21804-3317 USA","http://decsalisbury.com/","410-749-1719","Get directions the second and fourth Wednesday of the month from 8:30 – 10:30 a.m."
"Deeds of Faith","640 Lucabaugh Mill Rd Westminster MD 21157-3814 USA","https://mycrosswind.com/foodpantry","410-848-5537","Get directions Thursdays and Fridays by appointment only! To make an appointment, please email or contact us through our website."
"Delmarva Community Action Center","1000 Goodwill Ave  Cambridge MD 21613-2972 USA","","410-901-2991","Get directions Monday – Thursday from 9 a.m. – 3 p.m."
"Donald Bentley Food Pantry","624 Gutman Ave  Baltimore MD 21218-5422 USA","","443-842-4037","Get directions Saturdays from 9 – 12 p.m."
"Edgemere Church Food Pantry","7414 Ellen Ave  Sparrows Pt MD 21219-2120 USA","","410-477-0697","Get directions the 1st, 2nd, and 4th Wednesday of each month from 9 – 12 p.m., and the 3rd Thursday of each month."
"Emmanuel Trinity Lutheran Church","4004 Ballenger Creek Pike  Frederick MD 21703-7942 USA","","240-357-3558","Get directions the second and fourth Saturday of the month from 10 a.m. to 12 p.m."
"Emmitsburg Food Bank","130 S Seton Ave  Emmitsburg MD 21727-0074 USA","","717-642-6963","Get directions Mondays and Wednesdays from 7 – 8 p.m. and Fridays and Saturdays from 10 – 11 a.m."
"Essex UMC Food Pantry","524 Maryland Ave  Essex MD 21221-6734 USA","","410-686-2867","Get directions Wednesdays from 10 a.m. to 1 p.m. Must meet income qualifications before receiving food."
"EWC Adopt-A-Block Outreach Inc.","818 Benny St, Salisbury, MD 21804","http://www.adoptablock.live/","410-749-3748","Get directions Every Monday and every third Saturday from 9 to 11 a.m. and every Wednesday from 1 to 3 p.m."
"Experience Gateway – The Marketplace","11017 Kemps Mill Rd  Williamsport MD 21795-3129 USA","","301-582-4595","Get directions the 2nd & 4th Thursday of each month, from 5 – 7 p.m."
"Family Kitchen","360 S Dukeland St  Baltimore MD 21223-2701 USA","","410-900-3311","Get directions Mondays and Wednesdays from 10 – 2 p.m. and Saturdays from 9 – 2 p.m."
"First Baptist Church of Fruitland","630 Clyde Ave  Fruitland MD 21826-0027 USA","","410-749-1999","Get directions Pantry is open every Monday from 10 a.m. to 1 p.m."
"First Friendship Food Pantry","13723 Point Lookout Rd  Ridge MD 20680-0487 USA","","","Get directions Wednesdays and Saturdays from 10 a.m. – 11:30 a.m."
"Love Thy Neighbor","155 Orville Rd  Essex MD 21221-1309 USA","http://lovethyneighborfoodpantry.us/","443-915-6449","Get directions Every Tuesday from 12 to 3 p.m."
"Franklin UMC Food Pantry","5345 Deale Churchton Rd  Churchton MD 20733-9626 USA","","443-699-3904","Get directions Saturdays from 9 – 5 p.m."
"Frederick Rescue Mission – Food Distribution Center","419 W South St  Frederick MD 21701-6326 USA","https://www.therescuemission.org/","301-695-6633","Get directions Pantry is open Tuesdays, Wednesdays, and Thursdays from 1:30 to 3:30 p.m. Friday pantry hours are only open to the Senior Community from 10 a.m. to 12 p.m. Breakfast and Lunch Meal Services are offered 365 days a year. Breakfast is offered every day from 7 to 8 a.m. Lunch is offered Monday through Saturday from 12 to 1:30 p.m. and Sundays from 12:30 to 1:30 p.m."
"Friendship Outreach Center Inc.","7200 Harford Rd  Baltimore MD 21234-7702 USA","http://www.friendshipoutreachcenter.org/","410-444-1595","Get directions Tuesdays, Wednesdays, & Thursdays from 10 to 11:30 a.m."
"Frontline Pantry","7544 Holabird Ave  Dundalk MD 21222-2104 USA","http://livingfaithoutreachministries.com/","443-600-7862","Get directions Client Choice Pantry open on Fridays from 1 to 3 p.m., except for the fifth Friday of the month the pantry is closed. Drive-thru Pantry open every third and fourth Thursday starting at 8 a.m. until all food is distributed."
"Gale Recovery","608 E Patrick St  Frederick MD 21701-5732 USA","","301-662-7003","Get directions Monday – Friday from 7 a.m. – 5 p.m."
"GEDCO CARES","401 Woodbourne Avenue, Baltimore, MD","http://gedco.org/","410-532-2273","Get directions Mondays and Thursdays from 9 – 11 a.m., and Saturdays from 10 – 12 p.m."
"Gift of Love Center (GOL) – Central Baptist Church","2031 W Baltimore St  Baltimore MD 21223-1559 USA","http://www.thecentralbaptistchurch.org/","410-233-8558","Get directions the 4th Saturday of each month, from 10 – 12 p.m."
"Glade Valley Food Bank","21 W Frederick St  Walkersville MD 21793-8230 USA","","301-845-4229","Get directions Monday from 6:30 – 7:30 p.m. & Thursday from 1 – 3 p.m. Drive-through delivery. Serving Walkersville High School feeder area."
"Glenelg United Methodist Church (GUMC) Food Pantry","13900 Burntwoods Rd  Glenelg MD 21737-9721 USA","https://glenelgumc.org/","410-489-7260","Get directions the 3rd Saturday of each month from 9 – 11 a.m."
"Good Samaritan Food Pantry – Union Bethel AMEC","8615 Church Ln  Randallstown MD 21133-4632 USA","","410-655-7125","Get directions Monday, Wednesday, and Friday from 10 a.m. to 12 p.m. by appointment only. Food Giveaway held the first Saturday of the month from 10:30 a.m. to 12:30 p.m."
"Gospel Tabernacle of Prayer – “Hands That Feed Ministry”","24516 Budds Creek Rd  Clements MD 20624-0149 USA","http://www.gtopaoc.org/","301-769-2966","Get directions the 3rd Saturday of each month from 11 – 1 p.m. Food and personal hygiene items are available to all in need."
"Grace and Hope Mission – Food Pantry","4 S Gay St  Baltimore MD 21202-4007 USA","","410-685-5252","Get directions Mondays, Tuesdays, Thursdays, and Fridays from 3 – 4 p.m. by appointment only"
"GSB In House Pantry","8701 Winands Rd  Randallstown MD 21133-4001 USA","https://mygsbaltimore.org/","443-433-8949","Get directions Every other Monday from 5 – 7 p.m., Wednesdays from 12 – 8 p.m., Fridays from 5 – 8 p.m., Saturdays from 9 – 3 p.m., and Sundays from 8 a.m. – 2 p.m. For emergency needs, call ahead during office hours and make an appointment."
"Harford Community Action Agency","1321 Woodbridge Station Way B  Edgewood MD 21040-3830 USA","http://www.harfordcaa.org/","410-612-9899","Get directions Monday through Friday from 8 a.m. to 4:30 p.m."
"Harvest of Hope Food Pantry – Easton Church of God","1009 North Washington Street, Easton, MD","http://www.eastoncog.org/","410-822-3088","Get directions The 1st and 3rd Thursday of the month from 12 to 1:30 p.m."
"Haven Ministries – Food Pantry Truck","407 Dudley Corners Rd  Sudlersville MD 21668-1235 USA","http://haven-ministries.org/","410-827-7194","Get directions Tuesdays from 12 – 6 p.m. and Fridays from 9 – 6 p.m."
"Haven Ministries Food Pantry","206 Del Rhodes Ave  Queenstown MD 21658-1364 USA","http://haven-ministries.org/","410-827-7194","Get directions Mondays, Wednesdays, Thursdays, and Fridays from 8:30 – 4:30 p.m., and Tuesdays from 7 a.m. – 7 p.m. Queen Anne’s County residents only."
"Helping Hand Outreach Ministry","1101 Market St  Pocomoke City MD 21851-1703 USA","","757-665-4707","Get directions Tuesdays and Thursdays from 10 – 2 p.m. Neighbors may also call in an emergency."
"Heritage Baptist Church Food Pantry","1740 Forest Dr  Annapolis MD 21401-4210 USA","http://www.heritageloves.com/","410-268-6680","Get directions Tuesdays from 9 – 11 a.m."
"Heritage Community Church","8146 Quarterfield Rd  Severn MD 21144-2705 USA","","","Get directions Fridays from 8 – 10 a.m. Drive through distribution."
"Heritage Food Pantry – Charitable Donations Outreach Ministries","3106 Liberty Heights Ave  Baltimore MD 21215-7449 USA","","410-542-1204","Get directions the 3rd Wednesday of each month from 10 – 12 p.m."
"Higher Calling Ministries","11759 Somerset Ave  Princess Anne MD 21853-0481 USA","","410-603-3383","Get directions the 3rd Saturday of each month from 10 a.m. to 12 p.m."
"Holy Nativity Lutheran Church Food Pantry","1200 Linden Ave  Arbutus MD 21227-2423 USA","http://www.holy-nativity.com/","410-242-9441","Get directions Tuesdays from 3 – 5 p.m."
"Howard County Food Bank","9385 Gerwig Ln Ste J  Columbia MD 21046-1574 USA","http://www.cac-hc.org/","410-313-6185","Get directions Tuesdays and Thursdays from 1 – 4 p.m., Wednesdays from 1 – 7 p.m., and Saturdays by appointment only , from 9 – 1 p.m."
"Interfaith Service Coalition","116 W High St  Hancock MD 21750-1130 USA","","301-678-6605","Get directions Monday – Friday from 10 – 4 p.m. We will meet neighbors at other times by appointment."
"J&C Unity Inc","7006 Graces Quarters Rd  Middle River MD 21220-1623 USA","","410-335-0059","Get directions Twice monthly on Sundays from 10:30 a.m. to 1 p.m. Please call to confirm which Sundays on the month they are open."
"Jesus House Baltimore Food Pantry","7710 Windsor Mill Rd  Baltimore MD 21244-2037 USA","http://www.jesushousebaltimore.org/","410-521-4783","Get directions the 1st & 3rd Saturday of each month, from 11 – 12 p.m. Walk-ins welcome Monday – Friday from 11 – 4 p.m."
"Langston Hughes Food Pantry","5011 Arbutus Ave  Baltimore MD 21215-5723 USA","http://langstonhughescbrc.org/","443-759-8921","Get directions Every other Friday from 2 to 3 p.m. or until food is gone"
"LaVale United Methodist Church Food Pantry","565 National Hwy  Lavale MD 21502-7047 USA","","301-722-6800","Get directions Tuesdays from 1 – 2:30 p.m. and 5 – 6 p.m., and Thursdays from 1 – 2:30 p.m."
"Leading By Feeding","502 Mccormick Dr Ste D/E  Glen Burnie MD 21061-3216 USA","http://leadingbyfeeding.org/","240-217-5846","Get directions Mondays, Tuesdays, Thursdays, and Fridays from 9 a.m. to 5 p.m. and Wednesdays from 9 a.m. to 12:30 p.m. Free Farmers Market on the first and third Saturdays of the month from 8 to 10 a.m. More information can be found on their Facebook page."
"Lexington Park Baptist Church Food Pantry","46855 S Shangri La Dr  Lexington Pk MD 20653-4166 USA","http://lpbconline.org/","301-862-2552","Get directions Wednesdays from 1 – 3:30 p.m."
"Liberty Community Development Corp at The Owe Center","6901 Security Blvd  Windsor Mill MD 21244-2412 USA","https://www.lcdcorp.org/","410-265-6800","Get directions Thursdays from 9 – 12 p.m. Located at Security Square Mall, Lots 20/21."
"Liberty Food Pantry","3301 Milford Mill Rd  Baltimore MD 21244-2042 USA","http://www.libertysda.org/","410-922-0050","Get directions the third Tuesday of the month from 1 to 3 p.m. or call to make an appointment"
"LIFE Church Ministries","3820 S Hanover St  Baltimore MD 21225-1709 USA","http://www.lifechurchministriesmd.org/","443-708-8537","Get directions Every other Tuesday from 3:30 to 4:30 p.m."
"Living Waters Assembly – “Thinking of You” Food Ministry","9058 Double Hills Rd  Denton MD 21629-3411 USA","https://www.livingwatersmd.com/","443-243-5906","Get directions By appointment only."
"Loaves and Fishes at Mount Olive UMC","5115 Old Court Rd  Randallstown MD 21133-4701 USA","http://www.mountoliveumcmd.org/","410-922-2853","Get directions Every Monday and Wednesday from 11 a.m. to 2 p.m. for food pantry by appointment only. Community Meal and Food Distribution every third Saturday from 12 to 1 p.m."
"Love Wins Food Pantry","8187 Telegraph Rd  Severn MD 21144-3205 USA","http://www.lovewinsmovement.org/","","Get directions Thursdays from 3 – 7 p.m."
"Macedonia Helping Hand","1927 Featherbed Ln  Baltimore MD 21207-4125 USA","","443-695-7608","Get directions Saturdays from 10 – 11 a.m."
"Macedonia Project","5401 Frankford Ave  Baltimore MD 21206-6139 USA","http://www.newcreation-md.org/","410-488-5650","Get directions Tuesdays & Thursdays from 11 – 1 p.m. Sundays on an emergency basis only at 12:30 p.m. Call with questions."
"Manna from Heaven- Calvary Grace Brethren Church","115 Bryan Pl  Hagerstown MD 21740-4530 USA","","301-733-6375","Get directions the 4th Saturday of each month from 10 – 12 p.m. If there is a need at another time, please contact the church."
"Martin’s Barn","14376 Benedictine Ln  Ridgely MD 21660-1435 USA","http://martinshouseandbarn.org/","410-634-1140","Get directions Mondays, Tuesdays, Thursdays & Fridays from 8:30 – 11:30 a.m., and Wednesdays from 6 – 7:30 p.m."
"Mason-Dixon Community Services","708 Highland Rd  Street MD 21154-1306 USA","http://mason-dixon.org/","410-452-9025","Get directions Monday – Thursday 9 – 12 p.m., and the 1st Thursday of each month from 5 – 7 p.m. Also open by appointment."
"Maugansville Area Food Bank","17904 Binkley Ave  Maugansville MD 21767-9731 USA","","301-791-7723","Get directions the 1st Friday of each month, from 11 – 1 p.m. We service Maugansville school district."
"Millington-Crumpton Food Pantry","392 Cypress St  Millington MD 21651-1160 USA","","443-480-0053","Get directions Mondays from 9 – 12 p.m. TEFAP food pantry and CSFP program for seniors."
"Monarch Academy (The Children’s Guild Alliance)","2000 Capital Dr  Annapolis MD 21401-4686 USA","","443-366-6926","Get directions Every other Thursday from 10 a.m. to 12 p.m."
"Morgan Chapel UMC Food Pantry","6750 Woodbine Rd  Woodbine MD 21797-9402 USA","","410-970-2485","Get directions Every Saturday from 9 to 11 a.m. for food pantry and every second Saturday of the month from 9 to 11 a.m. for our Pet Pantry."
"Morning Star Baptist Church – Baltimore County","1512 Woodlawn Dr  Baltimore MD 21207-4009 USA","http://msbcministries.org/","(410) 747-3417","Get directions Community giveaways on the 3rd Saturday of the month starting at 8 a.m. until all food is distributed. Also by appointment. Contact the church (410) 747-3417 or by email"
"Mount Pleasant Development Corporation Food Pantry","6000 Radecke Ave  Baltimore MD 21206-3955 USA","","410-325-3080","Get directions Tuesday – Thursday from 9 – 5 p.m., Fridays from 9 – 2 p.m., and Saturdays from 8 – 12 p.m."
"MRDC – Sheilagh’s Pantry","200 Road B  Elkton MD 21921-6695 USA","http://www.mrdc.net/","410-287-1100","Get directions Mondays and Wednesdays from 2 – 4 p.m."
"Mt. Carmel Baptist Pantry","30683 Hampden Ave  Princess Anne MD 21853-1012 USA","http://mcbcheart.com/","410-651-3577","Get directions Wednesdays from 12 to 2 p.m. Please call ahead if possible."
"Mt. Hope Inc.","25 Summit Ave  Hagerstown MD 21740-5522 USA","","301-791-2550","Get directions Monday – Thursday from 1 – 4 p.m. Neighbors may come weekly for food."
"My Brother’s Keeper – West Liberty UMC","2000 Sand Hill Rd  Marriottsvl MD 21104-1649 USA","","443-547-7702","Get directions Wed. – Fri. from 9 a.m. to 1 p.m."
"Neighborhood Service Center, Inc.","126 Port St  Easton MD 21601-2600 USA","","","Get directions Monday – Friday from 8 – 12:30 p.m. and from 1:30 – 5 p.m."
"New Hope Baptist Church","1611 Jersey Rd  Salisbury MD 21802-2656 USA","","410-742-0456","Get directions the 3rd Tuesday of each month, from 10 – 12 p.m."
"New Hope Community Outreach Services, Inc","4196 Old Washington Rd  Waldorf MD 20602-3221 USA","http://www.nhcos.org/","301-843-3887 ext. 802","Get directions Monday – Friday from 11 – 3 p.m., and Saturdays from 10 – 2 p.m."
"New Mount Zion Baptist Church Food Pantry","817 N Mount St  Baltimore MD 21217-2117 USA","","410-523-9082","Get directions Every other Thursday from 7 – 10 a.m."
"New Victory Community 100","515 Otsego St  Perryville MD 21903-2704 USA","http://www.newvictorycc.org/","443-966-4381","Get directions Tuesdays from 5 to 6 p.m."
"Office of Consumer Advocates (OCA) – Food Pantry","121 E Antietam St  Hagerstown MD 21740-5601 USA","","301-790-5054","Get directions Mondays – Fridays from 9:30 – 1:30 p.m. by appointment only."
"One Mission Cambridge","614 Race St  Cambridge MD 21613-0815 USA","http://onemissioncambridge.org/","410-901-3959","Get directions Mondays, Tuesdays, and Thursdays from 1 to 6 p.m."
"Open Doors Food Pantry","12430 Scaggsville Rd  Highland MD 20777-9727 USA","https://mtzionhighland.com/missions","301-854-2324","Get directions the 3rd Saturday of each month from 8:30 – 10 a.m. Pre-packaged grocery bags of food."
"Our Community Serving Others – St. Matthew UMC","101 Avon Beach Rd  Dundalk MD 21222-6105 USA","https://stmatthewts.org/","410-285-4466","Get directions Saturday from 10 a.m. to 12 p.m."
"Our Daily Bread Food Pantry – Good Samaritan Lutheran Church","20850 Langley Rd  Lexington Pk MD 20653-4373 USA","http://goodsam.community/","301-863-4740","Get directions Wednesdays and Fridays from 10 – 12 p.m."
"Our Lady of Victory Food Pantry","4414 Wilkens Ave  Baltimore MD 21229-4720 USA","https://olvictory.org/","410-242-0131","Get directions Saturdays from 9 – 10 a.m."
"Our Mother’s Pantry","301 Homewood Ave  Centreville MD 21617-1306 USA","","301-356-4711","Get directions the 2nd & 4th Thursday of each month from 4 – 6 p.m."
"Our Right Our Life Youth Empowerment Initiative Inc","1725 Eastern Ave  Baltimore MD 21231-2573 USA","http://www.orolyep.org/","","Get directions Mondays and Wednesdays from 12 – 3 p.m., Thursdays from 11 – 3 p.m., Saturdays and Sundays from 10 – 2 p.m."
"Outcast Food Network Mobile Food Mission","2620 Quantico Ave  Baltimore MD 21215-7011 USA","","410-409-7568","Get directions Tuesdays from 11 – 2 p.m. and one Saturday per month from 9 – 1 p.m. Also by appointment."
"Parkway Church of God","600 Edison St  Salisbury MD 21802-1714 USA","","410-749-9428","Get directions the first Monday of each month from 11 a.m. to 12:30 p.m. Doors open at 10:30 a.m. and close at 12:30 p.m. If that Monday falls on a Federal Holiday, the pantry will then open on the first Tuesday of the month."
"Paul’s Place Soup Kitchen","1118 Ward St  Baltimore MD 21230-1817 USA","http://www.paulsplaceoutreach.org/","410-625-0775","Get directions Lunch: Monday – Friday from 11 a.m. to 12:30 p.m."
"Peoples Church of Baltimore","230 N Fulton Ave  Baltimore MD 21223-1661 USA","","410-945-7923","Get directions One Saturday of the month from 8 to 10 a.m."
"Pleasant Zion Youth Outreach Center","4317 North Point Blvd  Dundalk MD 21222-5048 USA","","410-388-0585","Get directions Wednesdays from 9 – 12 p.m."
"Presbyterian Church of Hagerstown Soup Ministry","20 S Prospect St  Hagerstown MD 21740-5408 USA","","301-739-6337 or 301-582-2204","Get directions Wednesdays from 10 – 12 p.m. Pantry is down the alley beside the church; come in the back entrance."
"Ray of Hope Mission Center Food Pantry","960 Craigtown Rd  Port Deposit MD 21904-1654 USA","http://www.rayofhopemissioncenter.com/","410-378-9800","Get directions Fridays from 9 a.m. to 3 p.m. Neighbors can attend two distributions a month. Please go to Ray of Hope website for further instructions and requirements."
"RCCG House of Prayer (Food Pantry)","9621 Reisterstown Rd  Owings Mills MD 21117-4134 USA","http://rccghopmd.org/","443-762-7259 or 678-927-6319","Get directions Every other Saturday from 11 a.m. to 1 p.m."
"Rehoboth Food Pantry","603 E Patapsco Ave  Baltimore MD 21225-1954 USA","","410-355-5105","Get directions the third Saturday of the month from 11 a.m. to 1 p.m. while supplies last."
"Reisterstown United Methodist Church Food Pantry","308 Main St  Reisterstown MD 21136-1904 USA","https://rumcweb.org/","410-833-5440","Get directions Saturdays from 8:30 a.m. to 11 a.m. We provide canned goods, dairy, and meat."
"Renovate Church Food Pantry","800 E East St  Delmar MD 21875-1806 USA","http://renovatedelmar.org/","410-251-0329","Get directions Mondays from 10 a.m. to 12 p.m. for Seniors 65+ and Disabled individuals and then from 5:30 to 7 p.m. for the general population."
"RISE-Christ the King","1930 Brookdale Rd  Windsor Mill MD 21244-1704 USA","","443-797-7449","Get directions Wednesdays from 11 a.m. to 12:30 p.m."
"Riva Trace Baptist Church – Food Pantry","475 W Central Ave  Davidsonville MD 21035-2027 USA","http://rtbc.org/","410-798-4868","Get directions The first Saturday of the month from 8 – 10 a.m."
"River of Life Worship Center God’s Breadbasket","8232 Redmiles Ln  Odenton MD 21113-1100 USA","http://theriveroflifeworshipcenter.org/","410-551-8434","Get directions Tuesday from 12 p.m. to 2 p.m. & by appointment."
"Rock Hall Seventh-Day Adventist Church Blessing Bag Program","21366 Sharp St  Rock Hall MD 21661-0477 USA","https://www.rockhallsda.org/","410-639-2926","Get directions Every Tuesday from 2:30 – 5:30 p.m."
"Rock of Help Food Pantry","4901 Woodbine Rd  Sykesville MD 21784-9348 USA","http://ebenezerumchurch.org/","410-795-6136","Get directions the third Saturday of the month from 9 a.m. to 11 a.m."
"Rock Steward Food Ministry","7566 E Howard Rd  Glen Burnie MD 21060-8313 USA","","410-761-9272","Get directions Every other Tuesday from 10 a.m. to 12 p.m."
"Rosedale Baptist Church Food Pantry","9202 Philadelphia Rd  Rosedale MD 21237-4319 USA","https://www.rosedalebaptist.org/","410-682-4114","Get directions Every Friday from 5:30 to 7:30 p.m."
"Saint Cecilia Roman Catholic Church – Food Distribution Center","3301 Windsor Ave  Baltimore MD 21216-2616 USA","","410-624-3600","Get directions Wednesdays from 10 – 11 a.m."
"Salisbury Urban Ministries – Lazarus Food Pantry","326 Barclay St  Salisbury MD 21802-1792 USA","","410-749-1563","Get directions Tuesdays and Thursdays from 10 a.m. to 12 p.m."
"Samaritan Community","1407 Bolton St  Baltimore MD 21217-4202 USA","http://www.samaritancommunity.org/","410-669-1229","Get directions Monday from 10 a.m. to 2 p.m. & Thursday from 10 a.m. to 2 p.m., by appointment only. Requests for food are not accepted through email. Call for appointment."
"Samaritan Shelter","814 4th St  Pocomoke City MD 21851-0661 USA","http://thesamaritanshelter.org/","410-957-4310","Get directions Food pantry is open Tuesday from 1 pm. to 2 p.m. & Saturday from 1 p.m. to 2 p.m. Soup Kitchen is open Wednesday from 11 a.m. to 12:30 p.m."
"Sarah’s Pantry at Community Church at Ocean Pines","11227 Racetrack Rd  Berlin MD 21811-3276 USA","http://ccaop.org/","410-641-8392","Get directions Wed. – Sat. from 9 a.m. to 1 p.m."
"Seton Center Emergency Pantry/CHOICE Program","30632 Hampden Ave  Princess Anne MD 21853-0401 USA","","410-651-9608","Get directions Monday – Friday from 9 – 4 p.m."
"Snow Hill Ecumenical Food Pantry","241 S Washington St  Snow Hill MD 21863-1253 USA","","443-614-1890","Get directions the third Friday of every month from 8 to 11 a.m. Emergency needs may contact the Food Pantry at (443) 614-1890 or (410) 632-0624."
"Son ‘Spot Ministries","12 Worcester St  Ocean City MD 21843-0756 USA","http://sonspot.org/","410-289-1296","Get directions Saturday from 7 p.m. to 8 p.m. & Sunday from 10 a.m. to 12 p.m. Thursday free dinner from 5 p.m. to 8 p.m. During summer, open hours every day except Wednesdays and free breakfast four days per week."
"Soul Harvest Church & Ministries","2901 Druid Park Dr Ste 112  Baltimore MD 21215-8174 USA","http://www.thesoulharvestchurch.org/","410-728-1292","Get directions Wednesdays from 11 a.m. to 2 p.m. Fridays are for delivery only."
"SPLCOC Open Door Feeding Ministry","10301 Coastal Hwy  Ocean City MD 21842-2501 USA","http://splcoc@comcast.com/","410-524-7474","Get directions Wednesday from 12 to 1 p.m."
"St. Gabriel Food Aid Pantry","6948 Dogwood Rd  Windsor Mill MD 21244-2658 USA","http://stgabrielch.org/","443-328-3230","Get directions Mondays from 9 to 9:30 p.m. The first Wednesday of the month from 4:30 p.m. to 5:30 p.m.; Thursdays (except for the week of 1st Wednesday) from 4:30 p.m. to 5:30 p.m."
"St. Andrew’s Episcopal Church Food Pantry","303 S Main St, Hurlock, MD 21643, USA","","410-463-0520","Get directions Wednesday from 10 a.m. to 12 p.m."
"St. Edward’s Food Pantry","2848 W Lafayette Ave  Baltimore MD 21216-4350 USA","http://stedwardchurchmd.com/","410-362-2000","Get directions Every other Tuesday from 11 – 12:30 p.m."
"St. James Episcopal Church Food Pantry","1020 W Lafayette Ave  Baltimore MD 21217-2555 USA","","410-523-4588","Get directions the fourth Saturday of the month from 10 a.m. to 12 p.m. in the Parish Center"
"St. John Baptist Church Food Pantry","9055 Tamar Dr  Columbia MD 21045-2756 USA","https://stjohnbaptistchurch.org/","410-992-6977","Get directions the first & third Saturday of the month from 10 a.m. to 1 p.m."
"St. John’s Food Pantry","518 Franklin Ave  Essex MD 21221-6721 USA","https://www.stjohnsofessex.org/","410-687-4621","Get directions Monday through Friday from 9 a.m. to 1 p.m. by appointment only. Community dinner and pantry on the last Tuesday of the month from 4 to 6 p.m."
"St. Mark’s Community Food Bank","601 Washington Ave  Hagerstown MD 21740-4635 USA","http://lutheranchurchhagerstown.com/","301-733-7550","Get directions Tues. – Fri. from 1 to 3 p.m."
"St. Michaels Community Center Food Pantry","103 Railroad Ave  St Michaels MD 21663-0354 USA","http://stmichaelscc.org/","410-745-6073","Get directions Monday, Wednesday, and Friday from 1 to 3 p.m. for Bay Hundred Neighbors and from 1:30 to 3 p.m. for all Easton/Talbot County Neighbors. Hot meals available."
"St. Paul AME Zion Church","410 Delaware Ave  Salisbury MD 21801-4012 USA","http://sites.google.com/site/stpaulamezionchuch","410-546-5661","Get directions The first and third Monday of the month from 9 a.m. to 12 p.m."
"St. Peter Claver Food Pantry","1546 North Fremont Avenue, Baltimore, MD","http://www.claverpius.org/","410-669-0512","Get directions Third and fourth Wednesday of the month from 9 to 11 a.m."
"St. Ursula Pantry","8801 Harford Rd  Parkville MD 21234-4121 USA","","410-665-2111","Get directions Third Wednesday of the month from 9 to 11 a.m. We primarily service zip codes 21234 and 21236."
"St. Vincent de Paul Church Food Pantry","120 N Front St  Baltimore MD 21202-4804 USA","https://www.stvchurch.org/","410-962-5078","Get directions Mondays from 12:30 to 2 p.m. A photo I.D. and proof of residence are required to sign up for the pantry."
"St. Vincent de Paul Food Pantry (Easton)","29533 Canvasback Dr  Easton MD 21601-7141 USA","http://www.svdpeastonmd.org/","410-770-4505","Get directions Tuesday from 1 p.m. to 4 p.m. & Saturday from 9 a.m. to 12 p.m. Drive-through pantry offers choices of grocery, produce, dairy, meat and bakery items."
"St. Vincent de Paul of Immaculate Heart of Mary Church","22375 Three Notch Rd  Lexington Pk MD 20653-2017 USA","","301-863-8193","Get directions Mondays, Wednesdays, and Fridays from 9 – 12 p.m., and the 2nd Tuesday of each month from 4 – 6 p.m., and the 4th Tuesday of each month from 5 – 7 p.m."
"Stillmeadow Food Pantry","5110 Frederick Ave  Baltimore MD 21229-3218 USA","http://stillmeadow.community/","410-644-2020","Get directions Every Thursday from 12 to 1:30 p.m. I.D. required & while supplies last."
"Tabitha’s House","112D Connolly Rd  Fallston MD 21047-2524 USA","","410-877-9730","Get directions Wednesday, Thursday, Friday, and 1st Saturday from 10 a.m. to 3 p.m. By appointment only. We serve Harford County residents."
"Tabitha’s Table","17 S Main St  Smithsburg MD 21783-0218 USA","http://%20https//www.facebook.com/TabithasTable/","301-331-1464","Get directions the fourth Tuesday of the month from 12 to 4 p.m. We are located in the alley in the back of the building."
"The Church Of The Redeemed Of The Lord","4321 Old York Rd  Baltimore MD 21212-4813 USA","http://crlministries.com/","410-433-0426","Get directions Wednesdays from 10 a.m. to 1 p.m. except for the first Wednesday of the month. Emergency food available on Sundays by appointment, neighbors must call Tuesday through Friday during Church hours."
"The Door’s Food Distribution","219 N Chester St  Baltimore MD 21231-1302 USA","http://www.thedoorinc.org/","410-675-3288","Get directions Tuesdays and Thursdays from 11 a.m. – 12 p.m."
"The Epicenter at Aberdeen – Community Café/Food Pantry","21 Aberdeen Avenue, Aberdeen, MD","http://epicentercc.org/","443-788-1016","Get directions Monday through Friday from 10 a.m. to 2 p.m."
"The Food Pantry at St. Paul’s","8700 Memory Gardens Ln  Hebron MD 21830-0028 USA","","410-422-0175","Get directions the first & third Thursday of the month from 3 to 5 p.m."
"The Good Shepherd Church of God In Christ","8301 Liberty Rd  Windsor Mill MD 21244-3107 USA","https://the-good-shepherd.org/","410-922-1637","Get directions the 3rd Saturday of every other month from 8 to 10 a.m. and by appointment, if needed"
"The Mt. Moriah Baptist Church Food Pantry","2201 Garrison Blvd  Baltimore MD 21216-2612 USA","http://www.themountmoriahbaptistchurch.org/","410-945-3575","Get directions Tuesdays and Fridays from 8 – 10 a.m."
"The Salvation Army Food Pantry","407 Oak St  Salisbury MD 21804-5574 USA","https://salvationarmypotomac.org/","410-749-7771","Get directions Mon. – Thurs. from 9 a.m. to 4 p.m. Appointments are scheduled, emergencies seen when needed."
"The Salvation Army of Harford and Cecil County","300 Seneca Ave, Havre de Grace, MD","","","Get directions Tues. – Thurs. from 11 a.m. to 2 p.m."
"The Spirit Kitchen/Stevenson UMC","123 N Main St  Berlin MD 21811-1553 USA","","443-735-9222 or 443-235-3531","Get directions Wednesday from 11 a.m. to 12:30 p.m."
"The Transformation Center","3701 4Th St  Brooklyn MD 21225-2026 USA","http://www.transformationcenter.tc/","443-312-8700","Get directions Saturdays at 9 a.m., first-come first-served. Arrive as early as 6:45 a.m. to receive a ticket to hold your place in line."
"The Y in Druid Hill Fresh Mart","1609 Druid Hill Ave  Baltimore MD 21217-3427 USA","","410-728-1600","Get directions Monday from 10 a.m. to 1 p.m., Tuesday from 3 to 6 p.m. & Saturday from 11 a.m. to 2 p.m."
"The Y in Pasadena","26 Magothy Beach Rd  Pasadena MD 21122-4428 USA","https://ymaryland.org/locations/pasadenay","410-437-4242","Get directions Wednesday from 3 to 6 p.m. & Saturday from 10 a.m. to 1 p.m."
"Thurmont Food Bank","10 Frederick Rd  Thurmont MD 21788-1809 USA","http://thurmontfoodbank.com/","240-288-1865","Get directions Tuesday from 5 to 7 p.m. & Friday from 4 to 6 p.m."
"Transforming Lives CDC/New Psalmist Church","6020 Marian Dr  Baltimore MD 21215-3325 USA","http://www.transforminglivescdc.com/","410-357-6210","Get directions By appointment only. Call first to make an appointment."
"Trinity Community Outreach","15 Randolph Ave  Hagerstown MD 21740-4009 USA","https://www.facebook.com/Trinity-Community-Outreach-102120715615266","301-733-2878","Get directions Thursday from 11 a.m. to 2 p.m. & Saturday 2 to 5 p.m."
"Trinity Lutheran Church Food Ministry","1100 Philadelphia Rd  Joppa MD 21085-3204 USA","http://trinityjoppa.org/","410-679-4000","Get directions Tuesday from 6 to 7:30 p.m. & Thursday from 3:30 to 5 p.m. & Saturday from 10 a.m. to 12 p.m. The Food Ministry building is behind the church in the back of the parking lot. It is a drive-thru pantry. Please bring your picture ID."
"Trinity Lutheran Food Pantry","46707 S Shangri La Dr  Lexington Pk MD 20653-4135 USA","http://trinitylutheranlp.org/","301-863-9512","Get directions Tuesday from 6 to 7:30 p.m. In Summer (mid-June to mid-August), we are open bi-weekly."
"Trinity -New Birth International Christian Ministries","3604 N Rogers Ave  Baltimore MD 21207-7035 USA","","410-448-1215","Get directions Thursday from 12:30 to 3:30 p.m. & Friday from 10:30 a.m. to 3:30 p.m."
"Trinity Presbyterian Church Food Pantry","3200 Walbrook Ave  Baltimore MD 21216-3032 USA","http://trinitypresbalt.org/","410-383-9633","Get directions the last two Saturdays of the month from 10 a.m. to 12 p.m. Can also call in an emergency to make other arrangements."
"TriTowns Food Pantry","32 Main St  Westernport MD 21562-1442 USA","http://tritownsfoodpantry.com/","304-790-1771","Get directions Wednesday from 10:30 a.m. to 12:30 p.m. at 63 Ashfield St Piedmont, WV. Also call John Fazenbaker 301-707-2222"
"True Way Church of God","2214 Evergreen St  Baltimore MD 21216-2930 USA","","410-876-2953","Get directions Wednesday & Friday from 12 to 2 p.m."
"U.M.C.S. Food Pantry @ Faith Community UMC","5315 Harford Rd  Baltimore MD 21214-2255 USA","http://faithcommunityhamilton.org/","410-227-4061 and 410-426-8277","Get directions Saturday from 10 a.m. to 12 p.m. Food Pantry entrance is the single door next to the back parking lot."
"Union UMC First Fruits Food Pantry","1203 Pine St  Delmar MD 21875 USA","http://www.unionumcdelmar.org/","443-735-7166","Get directions the third Thursday of the month from 11 a.m. to 12pm."
"United House of Prayer","3401 Edgewood Rd  Baltimore MD 21215-7320 USA","","410-947-5645","Get directions the third & fourth Saturday of the month from 11 a.m. to 2 p.m."
"Unity-Washington United Methodist Church","112 N Main St  Hurlock MD 21643-0298 USA","","410-943-3222","Get directions Wednesday from 9 a.m. to 12 p.m."
"Veterans Affairs – Community Resource and Referral Center (CRRC)","209 W Fayette St  Baltimore MD 21201-3403 USA","","410-637-3246","Get directions Monday – Friday from 8:30 a.m. – 3 p.m. – Military Veterans Only. Closed on Federal Holidays."
"Victory Villa Baptist Pantry","75 Chandelle Rd  Middle River MD 21220-3541 USA","","410-686-0141","Get directions the third Thursday of the month from 4 to 6 p.m. Neighbors may also call to set an appointment or in an emergency. If you leave a message, we will get back to you ASAP."
"Washington County Community Action Council Food Pantry","117 Summit Ave  Hagerstown MD 21740-5508 USA","http://www.wccac.org/","301-797-4161","Get directions Monday – Friday from 9 a.m. – 4 p.m."
"Wells House Inc","124 E Baltimore St  Hagerstown MD 21740-6104 USA","","301-739-7748","Get directions Mon. – Fri. from 7 a.m. to 5 p.m."
"Wesley Temple UMC Food Pantry","1322 West Rd  Salisbury MD 21801-8019 USA","","410-749-4252","Get directions the second and fourth Friday of every month from 9:30 to 11 a.m."
"Westminster Rescue Mission","658 Lucabaugh Mill Rd  Westminster MD 21157-3814 USA","http://www.westminsterrescuemission.org/","410-848-2222","Get directions Tuesdays and Fridays from 10 – 11 a.m."
"Whitestone Baptist Church Food Pantry","3001 Baker St  Baltimore MD 21216-3905 USA","","410-947-1863","Get directions Wednesday from 10 a.m. to 12 p.m."
"Willing Worker’s Outreach Ministry/Hurlock UMC","502 S Main St  Hurlock MD 21643-3617 USA","","410-924-0792","Get directions Every other Wednesday from 6 – 7 p.m."
"Women of Valor’s Family First Program","1730 Twin Springs Rd #218, Halethorpe, MD 21227","http://www.thewov.org/","443-800-3188","Get directions Everyday by appointment from 11 a.m. to 2 p.m., please call ahead. Pantry entrance at the back of building."
"Woodlawn Park Church of Christ","7222 Ambassador Rd  Windsor Mill MD 21244-2724 USA","","443-893-3114","Get directions the first and third Sunday of each month from 12:30 to 2 p.m."
"Word & Praise Faith Community Food Outreach","5200 Denmore Ave  Baltimore MD 21215-5027 USA","https://wordandpraisefaithministry.com/","410-412-4196","Get directions Every third Saturday of the month from 11 a.m. to 2 p.m."
"Loch Raven UMC Food Pantry","6622 Loch Raven Blvd  Baltimore MD 21239 USA","","410-825-0900","Get directions the first & third Tuesday of the month from 11 a.m. to 1 p.m."
"Midday Circle","410 Delaware Ave  Salisbury MD 21801 USA","","410-546-5661","Get directions Tuesdays 11 a.m. – 2 p.m."
"Amazing Grace Lutheran Church – Food Pantry","2424 McElderry St Baltimore MD 21205 USA","","410-276-5674","Get directions Thursdays at 10 a.m."
"Amazing Grace Lutheran Church – Soup Kitchen","2424 McElderry St Baltimore MD 21205 USA","","410-276-5674","Get directions Tuesdays at 12 p.m."
"Angels Helping Angels – Food Pantry","1401 N Milton Ave  Baltimore MD 21213 USA","http://www.ahamd.org/","443-756-8162","Get directions Wednesdays by appointment only. Saturdays from 10 a.m. – 2 p.m."
"Angels Helping Angels – Soup Kitchen","1401 N Milton Ave  Baltimore MD 21213 USA","http://www.ahamd.org/","443-756-8162","Get directions Saturdays from 10 a.m. – 2 p.m."
"Babcock Presbyterian Church","8240 Loch Raven Blvd  Towson MD 21286 USA","http://www.babcockpc.org/","410-825-3314","Get directions The 2nd & 4th Saturday of the month from 10 a.m. to 12 p.m. at Chapel located behind the main church building."
"Cherry Hill UMC Food Pantry","3225 Round Rd  Brooklyn MD 21225 USA","","410-355-0022","Get directions Every other Monday from 9 a.m. – 12 p.m. Go to the 2nd large white double doors on the parking lot."
"Cherry Hill UMC Soup Kitchen","3225 Round Rd  Brooklyn MD 21225 USA","","410-355-0022","Get directions Thursdays from 12 p.m. – 2 p.m.  Go to the 2nd large white double doors on the parking lot."
"CHOSEN CDC Food Services","225 Michael Ln  Aberdeen MD 21001 USA","http://www.chosencdc.org/","410-939-1294","Get directions Monday – Friday from 10 a.m. – 2 p.m. by appointment, and Sundays 8 a.m. – 2 p.m."
"Community Food Pantry","105 N Mill St, Chestertown, MD 21620","","410-778-0550","Get directions Tuesdays and Thursdays from 10 a.m. – 12 p.m."
"Fishes & Loaves Pantry","2422 W Patapsco Ave  Baltimore MD 21230 USA","https://www.facebook.com/fishesandloaves","410-525-0969","Get directions Monday – Friday from 9 a.m. – 3:30 p.m. Closed holidays. Main entrance is located on the back parking lot"
"Giving Hope Food Pantry","22 Irongate Dr  Waldorf MD 20602 USA","http://www.southernmarylandfoodbank.com/","301-274-0695","Get directions Tuesdays from 9 a.m. – 12 p.m."
"Light House Food Pantry","10 Hudson St  Annapolis MD 21401 USA","http://www.annapolislighthouse.org/","410-349-5056","Get directions By appointment only! Tuesdays and Thursdays from 1 to 2:30 p.m. and Wednesdays from 5 to 6:30 p.m. Call ahead to make an appointment."
"Project PLASE","3601 Old Frederick Rd  Baltimore MD 21229 USA","http://www.projectplase.org/","443-415-6913","Get directions Tuesdays from 11 a.m. – 1 p.m."
"Rebirth Culturally Food Pantry","225 N Division St  Salisbury MD 21801 USA","http://rebirth4hope.org/","410-264-1441","Get directions Please call for days and time"
"Second Shiloh Emergency Food Pantry","1355 Homestead St  Baltimore MD 21218 USA","","410-889-2637","Get directions Tuesdays & Wednesdays from 12 to 2:30 p.m."
"South Carroll Food Pantry","961 Johnsville Rd  Sykesville MD 21784 USA","http://www.wesleyfreedom.org/","410-795-2777","Get directions the fourth Saturday of the month from 8:30 a.m. – 11:30 a.m. (except holidays)."
"Lansdowne Interfaith Pantry","2700 Washington Avenue, Halethorpe, MD 21227","","410-940-8371","Get directions three Saturdays per month from 10 a.m. to 12 p.m. A quarterly schedule is distributed to neighbors, or neighbors may call to confirm days open. Typically not open on holiday weekends."
"The Epicenter at Edgewood","1918 Pulaski Hwy, Edgewood, MD 21040","http://epicentercc.org/","443-981-3742","Get directions Tuesdays from 12 to 3 p.m. and Thursdays from 10 a.m. to 2 p.m."
"Women’s Missionary Outreach","67 Winters Ln, Catonsville, MD 21228","","","Get directions Tuesday & Thursday from 12 to 3:45 p.m. Please call in advance."
"Waugh Food Pantry","425 High St, Cambridge, MD 21613","","410-228-5189","Get directions the last Wednesday of the month from 10 a.m. to 12 p.m."
"St. Marks Pantry at Brookletts Senior Center","400 Brookletts Ave, Easton, MD 21601","","410-822-2869","Get directions Fridays from 9 – 11 a.m."
"Food and Care for All (FCFA)","10264 Baltimore National Pike, Ellicott City, MD 21042","http://www.fcfaglobal.org/","410-988-5392","Get directions Tuesdays and Saturdays from 10 a.m. to 1 p.m."
"Crosspoint Community Church","1980 Trimble Rd  Edgewood MD 21040 USA","http://www.crosspointnow.org/","443-679-5662","Get directions Monday – Wednesday from 9 a.m. to 3 p.m. & Saturday from 10 a.m. to 2 p.m."
"Zion Reformed UCC","201 N Potomac Ave  Hagerstown MD 21740 USA","http://www.zionreformed.church/","301-739-7244","Get directions Tuesdays from 5 to 6:30 p.m."
"Franciscan Center Dining Program","101 W 23rd St  Baltimore MD 21218 USA","http://fcbmore.org/","410-467-5340","Get directions Monday – Friday from 10 a.m. to 1 p.m."
"City of Refuge’s Marketplace","3501 7th St, Brooklyn, Baltimore, MD 21225, USA","","","Get directions Monday, Wednesday & Thursday from 9 a.m. to 12 p.m. Diaper pantry open Tuesday from 9 a.m. to 12 p.m."
"Catherine’s Family and Youth Services","2835 Virginia Ave  Baltimore MD 21215 USA","http://catherinesfamilyandyouthservices.org/","443-429-0215","Get directions Every 4th Monday of the month starting at 12 p.m. until supplies last"
"Stepping Stones to a Successful Life Foundation","5616 Park Heights Ave  Baltimore MD 21215 USA","http://steppingstones.org/","410-744-5200","Get directions Wednesday from 9 a.m. to 12 p.m."
"Life Source International Church","7000 Rossville Blvd  Rosedale MD 21237 USA","http://lifesourcechurches.com/pantry","410-391-8000","Get directions The first Saturday of the month from 9 a.m. to 1 p.m."
"St. Francis Episcopal","2216 Pot Spring Rd  Timonium  MD 21093 USA","http://calendly.com/foodpantry-stfrancis","410-252-4465","Get directions by appointment only, Monday from 5 to 7 p.m. and Sunday from 12 to 2 p.m. To make an appointment visit: calendly.com/foodpantry-stfrancis. If you are not able to get an appointment, please email foodministry@stfrancismd.org or call 410-252-4465 and leave a message on the food ministry voicemail."
"Spirit of Faith Food Pantry","721 E 25TH ST  Baltimore MD 21218 USA","http://n/a","443-449-0933","Get directions Every Wednesday from 9 a.m. to 12:30 p.m. The fourth Thursday of the month from 9 a.m. to 12 p.m. and 3 to 6 p.m.The third Friday of the month from 10:30 a.m. to 4 p.m."
"RCCG Mercy Court","529 Walker Ave  Baltimore  MD 21212 USA","http://www.mercycourt.org/","443-759-5916","Get directions Every Thursday from 12 to 5 p.m."
"Springboard Community Services, Youth Resource Center","4623 Falls Road  Baltimore MD 21209 USA","http://springboardmd.org/","410-366-1980 or 410-995-7195","Get directions the second and fourth Tuesday & Thursday of the month from 12 to 4:30 p.m. Exclusively serving youth and young adults 14-24 y/o."
"Carroll County Food Sunday (St. Joseph Catholic Church)","915 Liberty Road   Eldersburg MD 21784 USA","http://ccfoodsunday.org/","410-857-7926","Get directions every Wednesday from 10 a.m. to 12 p.m. Food distribution is in the kitchen area, access from Martz Road."
"Grace United Methodist Church","101 W Bel Air Avenue   Aberdeen MD 21001 USA","http://graceumchurch.org/food-pantry.html","410-272-0909","Get directions Every Wednesday from 5 to 6 p.m. Neighbors can shop the pantry and take a bagged dinner as well."
"Carroll County Food Sunday (Trinity Lutheran Church)","38 West Baltimore Street, Taneytown, MD","http://ccfoodsunday.org/","410-857-7926","Get directions Every Thursday from 9:30 – 11:15 a.m. Park in the rear as distribution is in the back of the church. There is also a meal served by Taneytown Caring and Sharing Ministries inside the church during the same hours."
"Epiphany Lutheran Church Loaves & Fishes","4301 Raspe Avenue, Baltimore, MD 21206","","443-743-4727","Get directions Every Saturday from 10 a.m. to 12 p.m."
"North Point Village Recreational Council","7828 Saint Patricia Lane, Dundalk, MD 21222","","410-916-0255","Get directions The first Thursday of the month from 4 to 6 p.m. Please call to schedule an appointment if you would like to pick up food another time."
"Pathway Forward","1130 West Lexington Street, Baltimore, MD 21223","http://allenamebaltimoremd.org/","443-738-5154","Get directions Friday from 1 p.m. to 4 p.m. & Saturday 9 a.m. to 12 p.m."
"South Creek Community Development Corporation","1021 Leadenhall Street, Baltimore, MD 21230","http://leadenhallbc.org/","410-752-5191","Get directions Monday from 10 a.m. to 1 p.m."
"The Y in Parkville","8910 Waltham Woods Rd, Parkville, MD 21234","http://ymaryland.org/mission/aboutus/accesshealthyfood","410-663-1300","Get directions Tuesday from 4 – 7 p.m. & Saturday from 10 a.m. – 1 p.m."
"Knox Presbyterian Church","1300 N Eden St, Baltimore, MD 21213","","410-385-0900","Get directions the third Saturday of the month from 11:30 a.m. to 1 p.m."
"Neighbor Support Associates","8203 Harford Rd, Parkville, MD 21234","","410-992-5832","Get directions Every Friday from 3:30 to 6:30 p.m. by appointment."
"Manna House","21 Linwood Ave, Bel Air, MD 21014","http://www.baumc.com/","410-838-5181","Get directions Every Wednesday from 10:30 a.m. to 12:30 p.m."
"Chesapeake City Ecumenical Association","227 Basil Avenue, Chesapeake City, MD 21915","http://ccea4u.com/","410-920-1545","Get directions Tuesdays and Wednesdays from 9 to 11:45 a.m."
"Gethsemane Sanctuary Baltimore Manna Store","8701 Winands Road, Randallstown, MD 21133","http://mygsbaltimore.org/","443-433-8949","Get directions Every Wednesday from 6 to 7 p.m., Saturdays from 12 to 4 p.m. and Sunday from 1 to 2 p.m."
"ICNA Relief","1708 Whitehead Rd suite 101, Woodlawn, MD 21207","","866-354-0102","Get directions The 2nd Saturday and last Saturday of the month from 1 to 3 p.m."
"St. Paul’s by the Sea","302 N Baltimore Ave, Ocean City, MD 21842","","","Get directions Monday, Tuesday, Thursday, and Saturday from 10 a.m. to 12 p.m."
"Life Empowerment Community Outreach","2718 Harford Road, Baltimore, MD","","443-509-5960","Get directions the third Saturday of the month from 9 to 11:30 a.m."
"Shining Star Baptist Church","11832 Eastern Avenue, Middle River, MD 21220","","443-425-9694","Get directions Every Thursday from 4 to 6 p.m. and the second Friday of each month from 9 to 11 a.m."
"St. Peter’s Food Pantry","12060 Main Street, Libertytown, MD 21762","","301-898-5111","Get directions Saturdays from 1:30 to 3 p.m."
"Diakonia, Inc.","12747 Old Bridge Rd, Ocean City, MD 21842","","410-213-0923","Get directions Monday through Friday from 8 a.m. to 4 p.m. Appointments can be made to pick up on the weekends, if needed."
"Southwest Emergency Services (SWES)","1201 Maple Ave, Arbutus, Baltimore, MD 21227","http://swes-md.org/","410-247-8154","Get directions Mondays, Wednesdays, & Fridays from 9 to 11:30 a.m."
"Good Tidings Baptist Church","1401 Edison Highway, Baltimore, MD 21213","https://www.goodtidingsbaptistchurch.net/help-us-fight-hunger","410-487-1942","Get directions the fourth Tuesday of every month from 9:30 to 11:30 a.m."
"Messiah’s Community Kitchen","7302 Pulaski Hwy, Rosedale, MD 21237","https://messiahscommunitykitchen.com/","443-442-4797","Get directions Every second Saturday from 10 a.m. to 12 p.m."
"Cross Pointe Church of the Nazarene","27765 Nanticoke Rd, Salisbury, MD 21801","","410-742-3840","Get directions The second and fourth Wednesday of every month from 2 to 4 p.m."
"The Food Project","424 South Pulaski Street, Baltimore, MD 21223","https://uempowerofmd.org/","443-690-1694","Get directions Tuesdays and Thursdays from 10 a.m. to 12 p.m. and Saturdays from 9 a.m. to 12 p.m. Signup for delivered meals in area code 21223 by filling out an intake form."
"Siloam Baptist Community Church Pantry","501 N Fulton Ave, Baltimore, MD 21223","","410-523-4349","Get directions The first and third Monday of every month from 11 a.m. to 12 p.m."
"Iglesia de Dios Hispana de Owings Mills","10825 Reisterstown Rd, Owings Mills, MD 21117","","410-902-8394","Get directions Tuesdays from 5 to 7 p.m. and Thursdays from 6 to 7 p.m."
"Rachell L. Gray Community Foundation – Pantry","6327 Meadowridge Road Elkridge, MD 21075","http://www.rlgcommunityfoundationhelp.org/","443-796-5162","Get directions The first Saturday of the month from 10 a.m. until supplies last"
"Ridgely UMC Food Pantry","109 N Central Ave, Ridgely, MD 21660","","410-634-2527","Get directions The second and fourth Wednesday of the month from 2 – 6 p.m."
"Della’s Closet","1603 Market Street, Pocomoke City, MD 21851","http://www.dellascloset.org/","443-614-6021","Get directions By appointment only, please call ahead to schedule your appointment"
"Love Thy Neighbor Food Pantry – Pocomoke City","2655 Worcester Highway, Pocomoke City, MD 21851","","240-799-2358","Get directions The second and fourth Saturday of the month from 8 to 10 a.m. and the second and fourth Sunday of the month from 11:30 a.m. to 12:30 p.m."
"Scott’s UMC","3748 Main Street, Trappe, MD 21673","","410-476-3980","Get directions The fourth Thursday of the month from 8:30 a.m. to 12 p.m."
"Bethany Lutheran Church","817 Camden Ave, Salisbury, MD 21801","http://www.bethanylutheransalisburymd.com/","410-742-1737","Get directions The third Tuesday of the month from 2:30 to 4:30 p.m."
"Eastern Shore Wellness Solutions, Inc.","2450 Cambridge Beltway, Cambridge, MD 21613","http://easternshorewellness.live/","410-221-0795","Get directions Monday through Thursday from 9 a.m. to 3:30 p.m. and every other Thursday from 4 to 6 p.m. Please call ahead for questions regarding the schedule."
"Church of Christ","10014 White Hall Rd, Hagerstown, MD 21740","","301-733-5244","Get directions Monday through Friday by appointment only. Please call ahead to schedule your appointment"
"Oak Park Church of the Brethren","110 Church Ln, Oakland, MD 21550","","301-334-2243","Get directions Monday through Wednesday from 9 a.m. to 2 p.m."
"Helping Hands and Caring Hearts","12428 Fingerboard Road, Monrovia, Maryland 21770","http://helpinghandsandcaringhearts.org/about/","240-388-6514","Get directions Mondays and Wednesdays from 10 a.m. to 1 p.m. Saturdays from 10 a.m. to 12 p.m."
"Rehoboth UMC","16829 Lappans Rd, Williamsport, MD 21795","","301-223-9554","Get directions Grocery giveaways are once per month on select Saturdays from 9 a.m. to 12 p.m. Please call ahead for schedule."
"Hub City Vineyard","17805 Oak Ridge Drive, Hagerstown, MD","","301-582-3344","Get directions Thursdays from 6 p.m. until supplies last. Please arrive by 5:30 p.m."
"Middletown Valley Food Bank","Middletown Food Bank, 301 W Main St, Middletown, MD 21769","","301-371-3185","Get directions Wednesdays from 1 to 3 p.m. and Saturdays from 9 to 11 a.m. Bring a photo ID and proof of residence."
"Salvation Army – Pantry of Washington County","525 George St, Hagerstown, MD 21740","","301-733-2440","Get directions Tuesdays, Thursdays, and Fridays from 9 a.m. to 12 p.m. and again from 1 to 4 p.m. Neighbors are only allowed to participate in distributions once per month and you must bring a photo ID to verify Washington County residency upon your first visit."
"First Missionary Baptist","6430 Jefferson Pike, Frederick, MD 21703","","301-662-3110","Get directions The second Saturday of the month from 8 to 10 a.m."
"N8 House, Inc (Gabrielle’s Place)","1125 Appleton St, Baltimore, MD 21217","http://gabriellesplace.org/","1-844-268-4687","Get directions Saturdays from 10 a.m. to 3 p.m., Sundays from 10 a.m. to 2 p.m., and Tuesdays from 12 to 3 p.m."
"Beth Am Synagogue","2501 Eutaw Pl, Baltimore, MD 21217","http://bethambaltimore.org/","410-523-2446","Get directions Thursdays from 7:30 a.m. to 12 p.m."
"T.I.M.E. Organization","4584 Edmondson Ave, Baltimore, MD 21229","http://timeorganization.org/","443-872-2230","Get directions the first and third Friday of the month from 11 a.m. to 2 p.m."
"Olivet Baptist Church","3529 Edmondson Ave, Baltimore, MD 21229","","443-386-7000","Get directions the fourth Saturday of the month from 10 a.m. to 12 p.m. Distribution is located in the Fellowship Hall of the Church."
"Denoor Healthcare Services","1935 W Pratt St, Baltimore, MD 21223","http://www.denoorhealthcare.com/","","Get directions food distributions are every other Monday from 1 to 5 p.m. Please call ahead to confirm schedule. The first distribution of 2026 will be on Monday, January 5th and then every other Monday from then on."
"AfriThrive – Community Food Assistance","303 Eastern Blvd, Essex, MD 21221","http://www.afrithrive.org/","240-706-1517","Get directions the second and fourth Sunday of the month from 2 to 4 p.m."
"Neighbor Support Associate – Forest Hill","501 Granary Rd, Forest Hill, Maryland 21050","","443-687-9135","Get directions Fridays from 1 to 5 p.m. Please go around the parking lot near the dumpster."
"The Y in Westminster","1719 Sykesville Rd, Westminster, MD 21157","http://ymaryland.org/","410-848-3660","Get directions Mondays from 3 to 6 p.m. and Saturdays from 10 a.m. to 1 p.m."
"Collington Square Corporation","1220 N Chester St, Baltimore, MD 21213","","410-732-3494","Get directions the third Friday of the month from 9:30 to 11:30 a.m."
"The Compassion Center","1706 Eastern Ave, Baltimore, MD 21231","http://www.baltimorerelief.com/","410-327-2220","Get directions Every Tuesday and Friday from 10 a.m. until supplies last"
"Enoch Pratt Free Library","3601 Eastern Ave, Baltimore, MD 21224","http://www.prattlibrary.org/about-us/diversity-equity-inclusion/dei-projects/pratt-free-market","443-984-5853","Get directions Fridays from 2 to 5 p.m. and Wednesdays from 11 a.m. to 2 p.m."
"Chrysolite Charity Inc.","4701 Hamilton Ave, Baltimore, MD 21206","http://www.chrysolitecharitymd.org/","240-375-7318","Get directions Tuesdays from 10 a.m. to 12 p.m."
"HARBEL Community Organization","5807 Harford Rd, Baltimore, MD 21214","http://harbel.org/","410-444-2100 ext. 1013","Get directions Every third Thursday of the month from 1 p.m. until supplies last"
"Baltimore Healthy Start Inc.","610 N Chester St, Baltimore, MD 21205","http://baltimorehealthystart.org/","410-675-2125","Get directions Tuesday through Thursday from 9 a.m. to 2 p.m."
"The Mr. Mack Lewis Foundation","913 N Bond St, Baltimore, MD 21205","http://www.macklewisfoundation.org/","410-299-1999","Get directions Every Tuesday from noon until supplies last"
"Trinity A.M.E. Church O/R","2140 E Hoffman St, Baltimore, MD 21213","http://www.trinityamecbmore.com/","443-447-3815","Get directions every Thursday from 11 a.m. to 12 p.m."
"St. Mary Anne’s Food Pantry","315 South Main Street, North East, MD 21901","http://stmaryanne.org/outreach-office-food-bank/","410-287-2230","Get directions Monday, Wednesday, and Saturday from 9:30 a.m. to 12 p.m."
